A,Agilent Technologies,Health Care,Health Care Equipment,6/5/2000,Health Care Equipment,39260
AAL,American Airlines Group,Industrials,Airlines,3/23/2015,Airlines,11073
AAP,Advance Auto Parts,Consumer Discretionary,Automotive Retail,7/9/2015,Automotive Retail,10551
AAPL,Apple Inc.,Information Technology,"Technology Hardware, Storage & Peripherals",11/30/1982,"Technology Hardware, Storage & Peripherals",2236010
ABBV,AbbVie Inc.,Health Care,Pharmaceuticals,12/31/2012,Pharmaceuticals,183962
ABC,AmerisourceBergen,Health Care,Health Care Distributors,8/30/2001,Health Care Distributors,21159
ABMD,Abiomed,Health Care,Health Care Equipment,5/31/2018,Health Care Equipment,14596
ABT,Abbott Laboratories,Health Care,Health Care Equipment,3/31/1964,Health Care Equipment,226897
ACN,Accenture,Information Technology,IT Consulting & Other Services,7/6/2011,IT Consulting & Other Services,170311
ADBE,Adobe Inc.,Information Technology,Application Software,5/5/1997,Application Software,240134
ADI,"Analog Devices, Inc.",Information Technology,Semiconductors,10/12/1999,Semiconductors,59284
ADM,Archer-Daniels-Midland Co,Consumer Staples,Agricultural Products,7/29/1981,Agricultural Products,31169
ADP,Automatic Data Processing,Information Technology,Data Processing & Outsourced Services,3/31/1981,Data Processing & Outsourced Services,71105
ADSK,Autodesk Inc.,Information Technology,Application Software,12/1/1989,Application Software,67774
AEE,Ameren Corp,Utilities,Multi-Utilities,9/19/1991,Multi-Utilities,17961
AEP,American Electric Power,Utilities,Electric Utilities,3/4/1957,Electric Utilities,38812
AES,AES Corp,Utilities,Independent Power Producers & Energy Traders,10/2/1998,Independent Power Producers & Energy Traders,19228
AFL,Aflac,Financials,Life & Health Insurance,5/28/1999,Life & Health Insurance,32788
AIG,American International Group,Financials,Property & Casualty Insurance,3/31/1980,Property & Casualty Insurance,36313
AIZ,Assurant,Financials,Multi-line Insurance,4/10/2007,Multi-line Insurance,7399
AJG,Arthur J. Gallagher & Co.,Financials,Insurance Brokers,5/31/2016,Insurance Brokers,22796
AKAM,Akamai Technologies,Information Technology,Internet Services & Infrastructure,7/12/2007,Internet Services & Infrastructure,16096
ALB,Albemarle Corporation,Materials,Specialty Chemicals,7/1/2016,Specialty Chemicals,18917
ALGN,Align Technology,Health Care,Health Care Supplies,6/19/2017,Health Care Supplies,48430
ALK,Alaska Air Group,Industrials,Airlines,5/13/2016,Airlines,7412
ALL,Allstate Corp,Financials,Property & Casualty Insurance,7/13/1995,Property & Casualty Insurance,31382
ALLE,Allegion,Industrials,Building Products,12/2/2013,Building Products,10106
ALXN,Alexion Pharmaceuticals,Health Care,Pharmaceuticals,5/25/2012,Pharmaceuticals,34426
AMAT,Applied Materials Inc.,Information Technology,Semiconductor Equipment,3/16/1995,Semiconductor Equipment,108605
AMCR,Amcor plc,Materials,Paper Packaging,6/7/2019,Paper Packaging,17571
AMD,Advanced Micro Devices,Information Technology,Semiconductors,3/20/2017,Semiconductors,110787
AME,Ametek,Industrials,Electrical Components & Equipment,9/23/2013,Electrical Components & Equipment,27890
AMGN,Amgen Inc.,Health Care,Biotechnology,1/2/1992,Biotechnology,134480
AMP,Ameriprise Financial,Financials,Asset Management & Custody Banks,10/3/2005,Asset Management & Custody Banks,25717
AMT,American Tower Corp.,Real Estate,Specialized REITs,11/19/2007,Specialized REITs,99938
AMZN,Amazon.com Inc.,Consumer Discretionary,Internet & Direct Marketing Retail,11/18/2005,Internet & Direct Marketing Retail,1646130
ANET,Arista Networks,Information Technology,Communications Equipment,8/28/2018,Communications Equipment,24110
ANSS,"ANSYS, Inc.",Information Technology,Application Software,6/19/2017,Application Software,34512
ANTM,Anthem,Health Care,Managed Health Care,7/25/2002,Managed Health Care,72029
AON,Aon plc,Financials,Insurance Brokers,4/23/1996,Insurance Brokers,51918
AOS,A.O. Smith Corp,Industrials,Building Products,7/26/2017,Building Products,9563
APA,APA Corporation,Energy,Oil & Gas Exploration & Production,7/28/1997,Oil & Gas Exploration & Production,7013
APD,Air Products & Chemicals,Materials,Industrial Gases,4/30/1985,Industrial Gases,57633
APH,Amphenol Corp,Information Technology,Electronic Components,9/30/2008,Electronic Components,40664
APTV,Aptiv PLC,Consumer Discretionary,Auto Parts & Equipment,12/24/2012,Auto Parts & Equipment,41878
ARE,Alexandria Real Estate Equities,Real Estate,Office REITs,3/20/2017,Office REITs,23319
ATO,Atmos Energy,Utilities,Gas Utilities,2/15/2019,Gas Utilities,11679
ATVI,Activision Blizzard,Communication Services,Interactive Home Entertainment,8/31/2015,Interactive Home Entertainment,79573
AVB,AvalonBay Communities,Real Estate,Residential REITs,1/10/2007,Residential REITs,24928
AVGO,Broadcom Inc.,Information Technology,Semiconductors,5/8/2014,Semiconductors,198935
AVY,Avery Dennison Corp,Materials,Paper Packaging,12/31/1987,Paper Packaging,14940
AWK,American Water Works,Utilities,Water Utilities,3/4/2016,Water Utilities,29287
AXP,American Express,Financials,Consumer Finance,6/30/1976,Consumer Finance,105274
AZO,AutoZone Inc,Consumer Discretionary,Specialty Stores,1/2/1997,Specialty Stores,26703
BA,Boeing Company,Industrials,Aerospace & Defense,3/4/1957,Aerospace & Defense,126615
BAC,Bank of America Corp,Financials,Diversified Banks,6/30/1976,Diversified Banks,296463
BAX,Baxter International Inc.,Health Care,Health Care Equipment,9/30/1972,Health Care Equipment,39296
BBY,Best Buy Co. Inc.,Consumer Discretionary,Computer & Electronics Retail,6/29/1999,Computer & Electronics Retail,31267
BDX,Becton Dickinson,Health Care,Health Care Equipment,9/30/1972,Health Care Equipment,74847
BEN,Franklin Resources,Financials,Asset Management & Custody Banks,,Asset Management & Custody Banks,14191
BF.B,Brown-Forman Corp.,Consumer Staples,Distillers & Vintners,10/31/1982,Distillers & Vintners,35483
BIIB,Biogen Inc.,Health Care,Biotechnology,11/13/2003,Biotechnology,42549
BIO,Bio-Rad Laboratories,Health Care,Life Sciences Tools & Services,6/22/2020,Life Sciences Tools & Services,19279
BK,The Bank of New York Mellon,Financials,Asset Management & Custody Banks,3/31/1995,Asset Management & Custody Banks,37909
BKNG,Booking Holdings Inc,Consumer Discretionary,Internet & Direct Marketing Retail,11/6/2009,Internet & Direct Marketing Retail,89451
BKR,Baker Hughes Co,Energy,Oil & Gas Equipment & Services,7/7/2017,Oil & Gas Equipment & Services,24048
BLK,BlackRock,Financials,Asset Management & Custody Banks,4/4/2011,Asset Management & Custody Banks,111396
BLL,Ball Corp,Materials,Metal & Glass Containers,10/31/1984,Metal & Glass Containers,29498
BMY,Bristol-Myers Squibb,Health Care,Health Care Distributors,3/4/1957,Health Care Distributors,133084
BR,Broadridge Financial Solutions,Information Technology,Data Processing & Outsourced Services,6/18/2018,Data Processing & Outsourced Services,16934
BRK.B,Berkshire Hathaway,Financials,Multi-Sector Holdings,2/16/2010,Multi-Sector Holdings,574935
BSX,Boston Scientific,Health Care,Health Care Equipment,2/24/1995,Health Care Equipment,53716
BWA,BorgWarner,Consumer Discretionary,Auto Parts & Equipment,12/19/2011,Auto Parts & Equipment,10704
BXP,Boston Properties,Real Estate,Office REITs,4/3/2006,Office REITs,14438
C,Citigroup Inc.,Financials,Diversified Banks,5/31/1988,Diversified Banks,133504
CAG,Conagra Brands,Consumer Staples,Packaged Foods & Meats,8/31/1983,Packaged Foods & Meats,16562
CAH,Cardinal Health Inc.,Health Care,Health Care Distributors,5/27/1997,Health Care Distributors,15196
CARR,Carrier Global,Industrials,Building Products,4/3/2020,Building Products,32402
CAT,Caterpillar Inc.,Industrials,Construction Machinery & Heavy Trucks,3/4/1957,Construction Machinery & Heavy Trucks,109944
CB,Chubb Limited,Financials,Property & Casualty Insurance,7/15/2010,Property & Casualty Insurance,74276
CBOE,Cboe Global Markets,Financials,Financial Exchanges & Data,3/1/2017,Financial Exchanges & Data,11697
CBRE,CBRE Group,Real Estate,Real Estate Services,11/10/2006,Real Estate Services,23669
CCI,Crown Castle,Real Estate,Specialized REITs,3/14/2012,Specialized REITs,69852
CCL,Carnival Corp.,Consumer Discretionary,"Hotels, Resorts & Cruise Lines",12/22/1998,"Hotels, Resorts & Cruise Lines",25083
CDNS,Cadence Design Systems,Information Technology,Application Software,9/18/2017,Application Software,40720
CDW,CDW,Information Technology,Technology Distributors,9/23/2019,Technology Distributors,22295
CE,Celanese,Materials,Specialty Chemicals,12/24/2018,Specialty Chemicals,15326
CERN,Cerner,Health Care,Health Care Technology,4/30/2010,Health Care Technology,22303
CF,CF Industries Holdings Inc,Materials,Fertilizers & Agricultural Chemicals,8/27/2008,Fertilizers & Agricultural Chemicals,9677
CFG,Citizens Financial Group,Financials,Regional Banks,1/29/2016,Regional Banks,18144
CHD,Church & Dwight,Consumer Staples,Household Products,12/29/2015,Household Products,20037
CHRW,C. H. Robinson Worldwide,Industrials,Air Freight & Logistics,3/2/2007,Air Freight & Logistics,12030
CHTR,Charter Communications,Communication Services,Cable & Satellite,9/8/2016,Cable & Satellite,119817
CI,Cigna,Health Care,Managed Health Care,6/30/1976,Managed Health Care,71259
CINF,Cincinnati Financial,Financials,Property & Casualty Insurance,12/18/1997,Property & Casualty Insurance,14612
CL,Colgate-Palmolive,Consumer Staples,Household Products,3/4/1957,Household Products,67021
CLX,The Clorox Company,Consumer Staples,Household Products,3/31/1969,Household Products,23110
CMA,Comerica Inc.,Financials,Diversified Banks,12/1/1995,Diversified Banks,9179
CMCSA,Comcast Corp.,Communication Services,Cable & Satellite,11/19/2002,Cable & Satellite,241760
CME,CME Group Inc.,Financials,Financial Exchanges & Data,8/11/2006,Financial Exchanges & Data,67996
CMG,Chipotle Mexican Grill,Consumer Discretionary,Restaurants,4/28/2011,Restaurants,41765
CMI,Cummins Inc.,Industrials,Industrial Machinery,3/31/1965,Industrial Machinery,36184
CMS,CMS Energy,Utilities,Multi-Utilities,5/3/1999,Multi-Utilities,15998
CNC,Centene Corporation,Health Care,Managed Health Care,3/30/2016,Managed Health Care,33738
CNP,CenterPoint Energy,Utilities,Multi-Utilities,7/31/1985,Multi-Utilities,11735
COF,Capital One Financial,Financials,Consumer Finance,7/1/1998,Consumer Finance,55175
COG,Cabot Oil & Gas,Energy,Oil & Gas Exploration & Production,6/23/2008,Oil & Gas Exploration & Production,7297
COO,The Cooper Companies,Health Care,Health Care Supplies,9/23/2016,Health Care Supplies,18991
COP,ConocoPhillips,Energy,Oil & Gas Exploration & Production,3/4/1957,Oil & Gas Exploration & Production,66173
COST,Costco Wholesale Corp.,Consumer Staples,Hypermarkets & Super Centers,10/1/1993,Hypermarkets & Super Centers,157115
CPB,Campbell Soup,Consumer Staples,Packaged Foods & Meats,3/4/1957,Packaged Foods & Meats,13968
CPRT,Copart Inc,Industrials,Diversified Support Services,7/2/2018,Diversified Support Services,27896
CRM,Salesforce.com,Information Technology,Application Software,9/15/2008,Application Software,228139
CSCO,Cisco Systems,Information Technology,Communications Equipment,12/1/1993,Communications Equipment,196528
CSX,CSX Corp.,Industrials,Railroads,9/30/1967,Railroads,69197
CTAS,Cintas Corporation,Industrials,Diversified Support Services,3/1/2001,Diversified Support Services,36245
CTLT,Catalent,Health Care,Pharmaceuticals,9/21/2020,Pharmaceuticals,20900
CTSH,Cognizant Technology Solutions,Information Technology,IT Consulting & Other Services,11/17/2006,IT Consulting & Other Services,40385
CTVA,Corteva,Materials,Fertilizers & Agricultural Chemicals,6/3/2019,Fertilizers & Agricultural Chemicals,33691
CTXS,Citrix Systems,Information Technology,Application Software,12/1/1999,Application Software,16807
CVS,CVS Health,Health Care,Health Care Services,3/4/1957,Health Care Services,92317
CVX,Chevron Corp.,Energy,Integrated Oil & Gas,3/4/1957,Integrated Oil & Gas,181810
CZR,Caesars Entertainment,Consumer Discretionary,Casinos & Gaming,3/22/2021,Casinos & Gaming,21482
D,Dominion Energy,Utilities,Electric Utilities,,Electric Utilities,58028
DAL,Delta Air Lines Inc.,Industrials,Airlines,9/11/2013,Airlines,28492
DD,DuPont de Nemours Inc,Materials,Specialty Chemicals,4/2/2019,Specialty Chemicals,38198
DE,Deere & Co.,Industrials,Agricultural & Farm Machinery,3/4/1957,Agricultural & Farm Machinery,99699
DFS,Discover Financial Services,Financials,Consumer Finance,7/2/2007,Consumer Finance,29441
DG,Dollar General,Consumer Discretionary,General Merchandise Stores,12/3/2012,General Merchandise Stores,49056
DGX,Quest Diagnostics,Health Care,Health Care Services,12/12/2002,Health Care Services,16452
DHI,D. R. Horton,Consumer Discretionary,Homebuilding,6/22/2005,Homebuilding,28787
DHR,Danaher Corp.,Health Care,Health Care Equipment,,Health Care Equipment,172253
DIS,The Walt Disney Company,Communication Services,Movies & Entertainment,6/30/1976,Movies & Entertainment,338274
DISCA,"Discovery, Inc. (Series A)",Communication Services,Broadcasting,3/1/2010,Broadcasting,20913
DISCK,"Discovery, Inc. (Series C)",Communication Services,Broadcasting,8/7/2014,Broadcasting,20982
DISH,Dish Network,Communication Services,Cable & Satellite,3/13/2017,Cable & Satellite,16965
DLR,Digital Realty Trust Inc,Real Estate,Specialized REITs,5/18/2016,Specialized REITs,38437
DLTR,Dollar Tree,Consumer Discretionary,General Merchandise Stores,12/19/2011,General Merchandise Stores,25317
DOV,Dover Corporation,Industrials,Industrial Machinery,10/31/1985,Industrial Machinery,17474
DOW,Dow Inc.,Materials,Commodity Chemicals,4/1/2019,Commodity Chemicals,43704
DPZ,Domino's Pizza,Consumer Discretionary,Restaurants,5/12/2020,Restaurants,14889
DRE,Duke Realty Corp,Real Estate,Industrial REITs,7/26/2017,Industrial REITs,15394
DRI,Darden Restaurants,Consumer Discretionary,Restaurants,,Restaurants,16802
DTE,DTE Energy Co.,Utilities,Multi-Utilities,3/4/1957,Multi-Utilities,23343
DUK,Duke Energy,Utilities,Electric Utilities,6/30/1976,Electric Utilities,65043
DVA,DaVita Inc.,Health Care,Health Care Facilities,7/31/2008,Health Care Facilities,11341
DVN,Devon Energy,Energy,Oil & Gas Exploration & Production,8/30/2000,Oil & Gas Exploration & Production,14047
DXC,DXC Technology,Information Technology,IT Consulting & Other Services,4/4/2017,IT Consulting & Other Services,6590
DXCM,DexCom,Health Care,Health Care Equipment,5/12/2020,Health Care Equipment,38891
EA,Electronic Arts,Communication Services,Interactive Home Entertainment,7/22/2002,Interactive Home Entertainment,41929
EBAY,eBay Inc.,Consumer Discretionary,Internet & Direct Marketing Retail,7/22/2002,Internet & Direct Marketing Retail,42775
ECL,Ecolab Inc.,Materials,Specialty Chemicals,1/31/1989,Specialty Chemicals,60202
ED,Consolidated Edison,Utilities,Electric Utilities,,Electric Utilities,23719
EFX,Equifax Inc.,Industrials,Research & Consulting Services,6/19/1997,Research & Consulting Services,21265
EIX,Edison Int'l,Utilities,Electric Utilities,3/4/1957,Electric Utilities,21567
EL,Estée Lauder Companies,Consumer Staples,Personal Products,1/5/2006,Personal Products,107282
EMN,Eastman Chemical,Materials,Diversified Chemicals,1/1/1994,Diversified Chemicals,14944
EMR,Emerson Electric Company,Industrials,Electrical Components & Equipment,3/31/1965,Electrical Components & Equipment,51044
ENPH,Enphase Energy,Information Technology,Electronic Components,1/7/2021,Electronic Components,24444
EOG,EOG Resources,Energy,Oil & Gas Exploration & Production,11/2/2000,Oil & Gas Exploration & Production,36810
EQIX,Equinix,Real Estate,Specialized REITs,3/20/2015,Specialized REITs,61309
EQR,Equity Residential,Real Estate,Residential REITs,12/3/2001,Residential REITs,25007
ES,Eversource Energy,Utilities,Multi-Utilities,,Multi-Utilities,28759
ESS,"Essex Property Trust, Inc.",Real Estate,Residential REITs,4/2/2014,Residential REITs,17483
ETN,Eaton Corporation,Industrials,Electrical Components & Equipment,,Electrical Components & Equipment,49824
ETR,Entergy Corp.,Utilities,Electric Utilities,3/4/1957,Electric Utilities,18771
ETSY,Etsy,Consumer Discretionary,Internet & Direct Marketing Retail,9/21/2020,Internet & Direct Marketing Retail,28788
EVRG,Evergy,Utilities,Electric Utilities,6/5/2018,Electric Utilities,12343
EW,Edwards Lifesciences,Health Care,Health Care Equipment,4/1/2011,Health Care Equipment,54320
EXC,Exelon Corp.,Utilities,Multi-Utilities,3/4/1957,Multi-Utilities,40953
EXPD,Expeditors,Industrials,Air Freight & Logistics,10/10/2007,Air Freight & Logistics,15817
EXPE,Expedia Group,Consumer Discretionary,Internet & Direct Marketing Retail,10/2/2007,Internet & Direct Marketing Retail,21268
EXR,Extra Space Storage,Real Estate,Specialized REITs,1/19/2016,Specialized REITs,15393
F,Ford Motor Company,Consumer Discretionary,Automobile Manufacturers,3/4/1957,Automobile Manufacturers,45914
FANG,Diamondback Energy,Energy,Oil & Gas Exploration & Production,12/3/2018,Oil & Gas Exploration & Production,10897
FAST,Fastenal Co,Industrials,Building Products,9/15/2008,Building Products,26935
FB,"Facebook, Inc.",Communication Services,Interactive Media & Services,12/23/2013,Interactive Media & Services,780175
FBHS,Fortune Brands Home & Security,Industrials,Building Products,6/22/2016,Building Products,11947
FCX,Freeport-McMoRan Inc.,Materials,Copper,,Copper,48033
FDX,FedEx Corporation,Industrials,Air Freight & Logistics,12/31/1980,Air Freight & Logistics,69402
FE,FirstEnergy Corp,Utilities,Electric Utilities,,Electric Utilities,17535
FFIV,F5 Networks,Information Technology,Communications Equipment,12/20/2010,Communications Equipment,12844
FIS,Fidelity National Information Services,Information Technology,Data Processing & Outsourced Services,11/10/2006,Data Processing & Outsourced Services,82595
FISV,Fiserv Inc,Information Technology,Data Processing & Outsourced Services,4/2/2001,Data Processing & Outsourced Services,73681
FITB,Fifth Third Bancorp,Financials,Regional Banks,,Regional Banks,23855
FLIR,FLIR Systems,Information Technology,Electronic Equipment & Instruments,1/2/2009,Electronic Equipment & Instruments,7192
FLT,FleetCor Technologies Inc,Information Technology,Data Processing & Outsourced Services,6/20/2018,Data Processing & Outsourced Services,22584
FMC,FMC Corporation,Materials,Fertilizers & Agricultural Chemicals,8/19/2009,Fertilizers & Agricultural Chemicals,14106
FOX,Fox Corporation (Class B),Communication Services,Movies & Entertainment,9/18/2015,Movies & Entertainment,18755
FOXA,Fox Corporation (Class A),Communication Services,Movies & Entertainment,7/1/2013,Movies & Entertainment,18737
FRC,First Republic Bank,Financials,Regional Banks,1/2/2019,Regional Banks,28086
FRT,Federal Realty Investment Trust,Real Estate,Retail REITs,2/1/2016,Retail REITs,7789
FTNT,Fortinet,Information Technology,Systems Software,10/11/2018,Systems Software,26766
FTV,Fortive Corp,Industrials,Industrial Machinery,7/1/2016,Industrial Machinery,23536
GD,General Dynamics,Industrials,Aerospace & Defense,3/4/1957,Aerospace & Defense,46752
GE,General Electric,Industrials,Industrial Conglomerates,,Industrial Conglomerates,104951
GILD,Gilead Sciences,Health Care,Biotechnology,7/1/2004,Biotechnology,81228
GIS,General Mills,Consumer Staples,Packaged Foods & Meats,3/31/1969,Packaged Foods & Meats,34417
GL,Globe Life Inc.,Financials,Life & Health Insurance,4/30/1989,Life & Health Insurance,9814
GLW,Corning Inc.,Information Technology,Electronic Components,,Electronic Components,29658
GM,General Motors,Consumer Discretionary,Automobile Manufacturers,6/6/2013,Automobile Manufacturers,77030
GNRC,Generac Holdings,Industrials,Electrical Components & Equipment,3/22/2021,Electrical Components & Equipment,20103
GOOG,Alphabet Inc. (Class C),Communication Services,Interactive Media & Services,4/3/2006,Interactive Media & Services,1427450
GOOGL,Alphabet Inc. (Class A),Communication Services,Interactive Media & Services,4/3/2014,Interactive Media & Services,1426070
GPC,Genuine Parts,Consumer Discretionary,Specialty Stores,12/31/1973,Specialty Stores,14705
GPN,Global Payments Inc.,Information Technology,Data Processing & Outsourced Services,4/25/2016,Data Processing & Outsourced Services,58879
GPS,Gap Inc.,Consumer Discretionary,Apparel Retail,8/31/1986,Apparel Retail,8703
GRMN,Garmin Ltd.,Consumer Discretionary,Consumer Electronics,12/12/2012,Consumer Electronics,25334
GS,Goldman Sachs Group,Financials,Investment Banking & Brokerage,7/22/2002,Investment Banking & Brokerage,107335
GWW,Grainger (W.W.) Inc.,Industrials,Industrial Machinery,6/30/1981,Industrial Machinery,19837
HAL,Halliburton Co.,Energy,Oil & Gas Equipment & Services,3/4/1957,Oil & Gas Equipment & Services,18305
HAS,Hasbro Inc.,Consumer Discretionary,Leisure Products,9/30/1984,Leisure Products,12344
HBAN,Huntington Bancshares,Financials,Regional Banks,,Regional Banks,15309
HBI,Hanesbrands Inc,Consumer Discretionary,"Apparel, Accessories & Luxury Goods",3/20/2015,"Apparel, Accessories & Luxury Goods",6285
HCA,HCA Healthcare,Health Care,Health Care Facilities,1/27/2015,Health Care Facilities,58876
HD,Home Depot,Consumer Discretionary,Home Improvement Retail,3/31/1988,Home Improvement Retail,296485
HES,Hess Corporation,Energy,Integrated Oil & Gas,5/31/1984,Integrated Oil & Gas,18961
HFC,HollyFrontier Corp,Energy,Oil & Gas Refining & Marketing,6/18/2018,Oil & Gas Refining & Marketing,5403
HIG,Hartford Financial Svc.Gp.,Financials,Property & Casualty Insurance,3/4/1957,Property & Casualty Insurance,17485
HII,Huntington Ingalls Industries,Industrials,Aerospace & Defense,1/3/2018,Aerospace & Defense,7060
HLT,Hilton Worldwide Holdings Inc,Consumer Discretionary,"Hotels, Resorts & Cruise Lines",6/19/2017,"Hotels, Resorts & Cruise Lines",31519
HOLX,Hologic,Health Care,Health Care Equipment,3/30/2016,Health Care Equipment,21495
HON,Honeywell Int'l Inc.,Industrials,Industrial Conglomerates,3/31/1964,Industrial Conglomerates,141493
HPE,Hewlett Packard Enterprise,Information Technology,"Technology Hardware, Storage & Peripherals",11/2/2015,"Technology Hardware, Storage & Peripherals",18496
HPQ,HP Inc.,Information Technology,"Technology Hardware, Storage & Peripherals",12/31/1974,"Technology Hardware, Storage & Peripherals",35026
HRL,Hormel Foods Corp.,Consumer Staples,Packaged Foods & Meats,3/4/2009,Packaged Foods & Meats,25413
HSIC,Henry Schein,Health Care,Health Care Distributors,3/17/2015,Health Care Distributors,10076
HST,Host Hotels & Resorts,Real Estate,Hotel & Resort REITs,3/20/2007,Hotel & Resort REITs,11009
HSY,The Hershey Company,Consumer Staples,Packaged Foods & Meats,3/4/1957,Packaged Foods & Meats,31499
HUM,Humana Inc.,Health Care,Managed Health Care,,Managed Health Care,49647
HWM,Howmet Aerospace,Industrials,Aerospace & Defense,3/31/1964,Aerospace & Defense,12305
IBM,International Business Machines,Information Technology,IT Consulting & Other Services,3/4/1957,IT Consulting & Other Services,106989
ICE,Intercontinental Exchange,Financials,Financial Exchanges & Data,9/26/2007,Financial Exchanges & Data,63146
IDXX,Idexx Laboratories,Health Care,Health Care Equipment,1/5/2017,Health Care Equipment,45972
IEX,IDEX Corporation,Industrials,Industrial Machinery,8/9/2019,Industrial Machinery,14935
IFF,International Flavors & Fragrances,Materials,Specialty Chemicals,3/31/1976,Specialty Chemicals,34040
ILMN,Illumina Inc,Health Care,Life Sciences Tools & Services,11/19/2015,Life Sciences Tools & Services,71911
INCY,Incyte,Health Care,Biotechnology,2/28/2017,Biotechnology,18055
INFO,IHS Markit,Industrials,Research & Consulting Services,6/2/2017,Research & Consulting Services,36922
INTC,Intel Corp.,Information Technology,Semiconductors,12/31/1976,Semiconductors,255354
INTU,Intuit Inc.,Information Technology,Application Software,12/5/2000,Application Software,115718
IP,International Paper,Materials,Paper Packaging,3/4/1957,Paper Packaging,19335
IPG,Interpublic Group,Communication Services,Advertising,10/1/1992,Advertising,9699
IPGP,IPG Photonics Corp.,Information Technology,Electronic Manufacturing Services,3/7/2018,Electronic Manufacturing Services,13670
IQV,IQVIA Holdings Inc.,Health Care,Life Sciences Tools & Services,8/29/2017,Life Sciences Tools & Services,36438
IR,Ingersoll-Rand,Industrials,Industrial Machinery,3/3/2020,Industrial Machinery,18196
IRM,Iron Mountain Incorporated,Real Estate,Specialized REITs,1/6/2009,Specialized REITs,9500
ISRG,Intuitive Surgical Inc.,Health Care,Health Care Equipment,6/2/2008,Health Care Equipment,93097
IT,Gartner Inc,Information Technology,IT Consulting & Other Services,4/5/2017,IT Consulting & Other Services,15961
ITW,Illinois Tool Works,Industrials,Industrial Machinery,2/28/1986,Industrial Machinery,63024
IVZ,Invesco Ltd.,Financials,Asset Management & Custody Banks,8/21/2008,Asset Management & Custody Banks,10491
J,Jacobs Engineering Group,Industrials,Construction & Engineering,10/26/2007,Construction & Engineering,14728
JBHT,J. B. Hunt Transport Services,Industrials,Trucking,7/1/2015,Trucking,15490
JCI,Johnson Controls International,Industrials,Building Products,8/27/2010,Building Products,38073
JKHY,Jack Henry & Associates,Information Technology,Data Processing & Outsourced Services,11/13/2018,Data Processing & Outsourced Services,11124
JNJ,Johnson & Johnson,Health Care,Pharmaceuticals,6/30/1973,Pharmaceuticals,434553
JNPR,Juniper Networks,Information Technology,Communications Equipment,6/2/2006,Communications Equipment,8023
JPM,JPMorgan Chase & Co.,Financials,Diversified Banks,6/30/1975,Diversified Banks,441095
K,Kellogg Co.,Consumer Staples,Packaged Foods & Meats,,Packaged Foods & Meats,19543
KEY,KeyCorp,Financials,Regional Banks,3/1/1994,Regional Banks,19309
KEYS,Keysight Technologies,Information Technology,Electronic Equipment & Instruments,11/6/2018,Electronic Equipment & Instruments,28111
KHC,Kraft Heinz Co,Consumer Staples,Packaged Foods & Meats,7/6/2015,Packaged Foods & Meats,43231
KIM,Kimco Realty,Real Estate,Retail REITs,4/4/2006,Retail REITs,7624
KLAC,KLA Corporation,Information Technology,Semiconductor Equipment,,Semiconductor Equipment,52080
KMB,Kimberly-Clark,Consumer Staples,Household Products,3/4/1957,Household Products,44068
KMI,Kinder Morgan,Energy,Oil & Gas Storage & Transportation,5/25/2012,Oil & Gas Storage & Transportation,34056
KMX,Carmax Inc,Consumer Discretionary,Specialty Stores,6/28/2010,Specialty Stores,19887
KO,Coca-Cola Company,Consumer Staples,Soft Drinks,3/4/1957,Soft Drinks,216031
KR,Kroger Co.,Consumer Staples,Food Retail,3/4/1957,Food Retail,25626
KSU,Kansas City Southern,Industrials,Railroads,5/24/2013,Railroads,19181
L,Loews Corp.,Financials,Multi-line Insurance,,Multi-line Insurance,13023
LB,L Brands Inc.,Consumer Discretionary,Apparel Retail,9/30/1983,Apparel Retail,13685
LDOS,Leidos Holdings,Industrials,Diversified Support Services,8/9/2019,Diversified Support Services,14974
LEG,Leggett & Platt,Consumer Discretionary,Home Furnishings,,Home Furnishings,5588
LEN,Lennar Corp.,Consumer Discretionary,Homebuilding,10/4/2005,Homebuilding,26962
LH,Laboratory Corp. of America Holding,Health Care,Health Care Services,11/1/2004,Health Care Services,23021
LHX,L3Harris Technologies,Industrials,Aerospace & Defense,9/22/2008,Aerospace & Defense,38763
LIN,Linde plc,Materials,Industrial Gases,7/1/1992,Industrial Gases,131287
LKQ,LKQ Corporation,Consumer Discretionary,Distributors,5/23/2016,Distributors,11400
LLY,Lilly (Eli) & Co.,Health Care,Pharmaceuticals,12/31/1970,Pharmaceuticals,196825
LMT,Lockheed Martin Corp.,Industrials,Aerospace & Defense,7/31/1984,Aerospace & Defense,93842
LNC,Lincoln National,Financials,Multi-line Insurance,6/30/1976,Multi-line Insurance,10466
LNT,Alliant Energy,Utilities,Electric Utilities,7/1/2016,Electric Utilities,11942
LOW,Lowe's Cos.,Consumer Discretionary,Home Improvement Retail,2/29/1984,Home Improvement Retail,127538
LRCX,Lam Research,Information Technology,Semiconductor Equipment,6/29/2012,Semiconductor Equipment,84571
LUMN,Lumen Technologies,Communication Services,Alternative Carriers,3/25/1999,Alternative Carriers,12935
LUV,Southwest Airlines,Industrials,Airlines,7/1/1994,Airlines,30691
LVS,Las Vegas Sands,Consumer Discretionary,Casinos & Gaming,10/3/2019,Casinos & Gaming,43889
LW,Lamb Weston Holdings Inc,Consumer Staples,Packaged Foods & Meats,12/3/2018,Packaged Foods & Meats,11261
LYB,LyondellBasell,Materials,Specialty Chemicals,9/5/2012,Specialty Chemicals,32719
LYV,Live Nation Entertainment,Communication Services,Movies & Entertainment,12/23/2019,Movies & Entertainment,18142
MA,Mastercard Inc.,Information Technology,Data Processing & Outsourced Services,7/18/2008,Data Processing & Outsourced Services,338945
MAA,Mid-America Apartments,Real Estate,Residential REITs,12/2/2016,Residential REITs,15833
MAR,Marriott International,Consumer Discretionary,"Hotels, Resorts & Cruise Lines",,"Hotels, Resorts & Cruise Lines",42292
MAS,Masco Corp.,Industrials,Building Products,6/30/1981,Building Products,13751
MCD,McDonald's Corp.,Consumer Discretionary,Restaurants,6/30/1970,Restaurants,160221
MCHP,Microchip Technology,Information Technology,Semiconductors,9/7/2007,Semiconductors,43684
MCK,McKesson Corp.,Health Care,Health Care Distributors,,Health Care Distributors,28776
MCO,Moody's Corp,Financials,Financial Exchanges & Data,,Financial Exchanges & Data,52649
MDLZ,Mondelez International,Consumer Staples,Packaged Foods & Meats,10/2/2012,Packaged Foods & Meats,77496
MDT,Medtronic plc,Health Care,Health Care Equipment,10/31/1986,Health Care Equipment,161091
MET,MetLife Inc.,Financials,Life & Health Insurance,,Life & Health Insurance,50879
MGM,MGM Resorts International,Consumer Discretionary,Casinos & Gaming,7/26/2017,Casinos & Gaming,17282
MHK,Mohawk Industries,Consumer Discretionary,Home Furnishings,12/23/2013,Home Furnishings,12182
MKC,McCormick & Co.,Consumer Staples,Packaged Foods & Meats,,Packaged Foods & Meats,23223
MKTX,MarketAxess,Financials,Financial Exchanges & Data,7/1/2019,Financial Exchanges & Data,20405
MLM,Martin Marietta Materials,Materials,Construction Materials,7/2/2014,Construction Materials,20279
MMC,Marsh & McLennan,Financials,Insurance Brokers,8/31/1987,Insurance Brokers,58165
MMM,3M Company,Industrials,Industrial Conglomerates,8/9/1976,Industrial Conglomerates,102286
MNST,Monster Beverage,Consumer Staples,Soft Drinks,6/28/2012,Soft Drinks,48662
MO,Altria Group Inc,Consumer Staples,Tobacco,3/4/1957,Tobacco,80673
MOS,The Mosaic Company,Materials,Fertilizers & Agricultural Chemicals,9/26/2011,Fertilizers & Agricultural Chemicals,11618
MPC,Marathon Petroleum,Energy,Oil & Gas Refining & Marketing,7/1/2011,Oil & Gas Refining & Marketing,33871
MPWR,Monolithic Power Systems,Information Technology,Semiconductors,2/12/2021,Semiconductors,17495
MRK,Merck & Co.,Health Care,Pharmaceuticals,3/4/1957,Pharmaceuticals,187854
MRO,Marathon Oil Corp.,Energy,Oil & Gas Exploration & Production,5/1/1991,Oil & Gas Exploration & Production,7563
MS,Morgan Stanley,Financials,Investment Banking & Brokerage,,Investment Banking & Brokerage,137589
MSCI,MSCI Inc,Financials,Financial Exchanges & Data,4/4/2018,Financial Exchanges & Data,36407
MSFT,Microsoft Corp.,Information Technology,Systems Software,6/1/1994,Systems Software,1838040
MSI,Motorola Solutions Inc.,Information Technology,Communications Equipment,,Communications Equipment,30990
MTB,M&T Bank,Financials,Regional Banks,2/23/2004,Regional Banks,19073
MTD,Mettler Toledo,Health Care,Life Sciences Tools & Services,9/6/2016,Life Sciences Tools & Services,28335
MU,Micron Technology,Information Technology,Semiconductors,9/27/1994,Semiconductors,98152
MXIM,Maxim Integrated Products,Information Technology,Semiconductors,12/3/2018,Semiconductors,25773
NCLH,Norwegian Cruise Line Holdings,Consumer Discretionary,"Hotels, Resorts & Cruise Lines",10/13/2017,"Hotels, Resorts & Cruise Lines",7950
NDAQ,"Nasdaq, Inc.",Financials,Financial Exchanges & Data,10/22/2008,Financial Exchanges & Data,23619
NEE,NextEra Energy,Utilities,Multi-Utilities,6/30/1976,Multi-Utilities,159122
NEM,Newmont Corporation,Materials,Gold,6/30/1969,Gold,46433
NFLX,Netflix Inc.,Communication Services,Movies & Entertainment,12/20/2010,Movies & Entertainment,246817
NI,NiSource Inc.,Utilities,Multi-Utilities,,Multi-Utilities,8575
NKE,"Nike, Inc.",Consumer Discretionary,"Apparel, Accessories & Luxury Goods",11/30/1988,"Apparel, Accessories & Luxury Goods",223404
NLOK,NortonLifeLock,Information Technology,Application Software,3/25/2003,Application Software,12446
NLSN,Nielsen Holdings,Industrials,Research & Consulting Services,7/9/2013,Research & Consulting Services,8372
NOC,Northrop Grumman,Industrials,Aerospace & Defense,6/30/1985,Aerospace & Defense,48494
NOV,NOV Inc.,Energy,Oil & Gas Equipment & Services,3/14/2005,Oil & Gas Equipment & Services,5636
NOW,ServiceNow,Information Technology,Systems Software,11/21/2019,Systems Software,114863
NRG,NRG Energy,Utilities,Independent Power Producers & Energy Traders,1/29/2010,Independent Power Producers & Energy Traders,9912
NSC,Norfolk Southern Corp.,Industrials,Railroads,3/4/1957,Railroads,64590
NTAP,NetApp,Information Technology,"Technology Hardware, Storage & Peripherals",6/25/1999,"Technology Hardware, Storage & Peripherals",15379
NTRS,Northern Trust Corp.,Financials,Asset Management & Custody Banks,,Asset Management & Custody Banks,20603
NUE,Nucor Corp.,Materials,Steel,4/30/1985,Steel,17311
NVDA,Nvidia Corporation,Information Technology,Semiconductors,11/30/2001,Semiconductors,379576
NVR,"NVR, Inc.",Consumer Discretionary,Homebuilding,9/26/2019,Homebuilding,17116
NWL,Newell Brands,Consumer Discretionary,Housewares & Specialties,4/30/1989,Housewares & Specialties,10093
NWS,News Corp (Class B),Communication Services,Publishing,9/18/2015,Publishing,13832
NWSA,News Corp (Class A),Communication Services,Publishing,8/1/2013,Publishing,14052
NXPI,NXP Semiconductors,Information Technology,Semiconductors,3/22/2021,Semiconductors,52505
O,Realty Income Corporation,Real Estate,Retail REITs,4/7/2015,Retail REITs,23037
ODFL,Old Dominion Freight Line,Industrials,Trucking,12/9/2019,Trucking,24661
OKE,Oneok,Energy,Oil & Gas Storage & Transportation,3/15/2010,Oil & Gas Storage & Transportation,20419
OMC,Omnicom Group,Communication Services,Advertising,,Advertising,14165
ORCL,Oracle Corp.,Information Technology,Application Software,8/31/1989,Application Software,182942
ORLY,O'Reilly Automotive,Consumer Discretionary,Specialty Stores,3/27/2009,Specialty Stores,31181
OTIS,Otis Worldwide,Industrials,Industrial Machinery,4/3/2020,Industrial Machinery,27365
OXY,Occidental Petroleum,Energy,Oil & Gas Exploration & Production,12/31/1982,Oil & Gas Exploration & Production,24639
PAYC,Paycom,Information Technology,Application Software,1/28/2020,Application Software,22475
PAYX,Paychex Inc.,Information Technology,Data Processing & Outsourced Services,,Data Processing & Outsourced Services,32023
PBCT,People's United Financial,Financials,Thrifts & Mortgage Finance,11/13/2008,Thrifts & Mortgage Finance,6611
PCAR,Paccar,Industrials,Construction Machinery & Heavy Trucks,12/31/1980,Construction Machinery & Heavy Trucks,33664
PEAK,Healthpeak Properties,Real Estate,Health Care REITs,3/31/2008,Health Care REITs,16240
PEG,Public Service Enterprise Group (PSEG),Utilities,Electric Utilities,3/4/1957,Electric Utilities,29313
PENN,Penn National Gaming,Consumer Discretionary,Casinos & Gaming,3/22/2021,Casinos & Gaming,14038
PEP,PepsiCo Inc.,Consumer Staples,Soft Drinks,3/4/1957,Soft Drinks,185392
PFE,Pfizer Inc.,Health Care,Pharmaceuticals,3/4/1957,Pharmaceuticals,192820
PFG,Principal Financial Group,Financials,Life & Health Insurance,7/22/2002,Life & Health Insurance,14854
PG,Procter & Gamble,Consumer Staples,Personal Products,3/4/1957,Personal Products,315000
PGR,Progressive Corp.,Financials,Property & Casualty Insurance,8/4/1997,Property & Casualty Insurance,49817
PH,Parker-Hannifin,Industrials,Industrial Machinery,11/30/1985,Industrial Machinery,35585
PHM,PulteGroup,Consumer Discretionary,Homebuilding,4/30/1984,Homebuilding,12408
PKG,Packaging Corporation of America,Materials,Paper Packaging,7/26/2017,Paper Packaging,12615
PKI,PerkinElmer,Health Care,Health Care Equipment,5/31/1985,Health Care Equipment,16402
PLD,Prologis,Real Estate,Industrial REITs,7/17/2003,Industrial REITs,78815
PM,Philip Morris International,Consumer Staples,Tobacco,3/31/2008,Tobacco,133940
PNC,PNC Financial Services,Financials,Regional Banks,4/30/1988,Regional Banks,72041
PNR,Pentair plc,Industrials,Industrial Machinery,10/1/2012,Industrial Machinery,9118
PNW,Pinnacle West Capital,Utilities,Multi-Utilities,,Multi-Utilities,8558
POOL,Pool Corporation,Consumer Discretionary,Distributors,10/7/2020,Distributors,13385
PPG,PPG Industries,Materials,Specialty Chemicals,3/4/1957,Specialty Chemicals,32442
PPL,PPL Corp.,Utilities,Electric Utilities,,Electric Utilities,21541
PRGO,Perrigo,Health Care,Pharmaceuticals,12/19/2011,Pharmaceuticals,6057
PRU,Prudential Financial,Financials,Life & Health Insurance,7/22/2002,Life & Health Insurance,32772
PSA,Public Storage,Real Estate,Specialized REITs,8/19/2005,Specialized REITs,40200
PSX,Phillips 66,Energy,Oil & Gas Refining & Marketing,5/1/2012,Oil & Gas Refining & Marketing,34677
PTC,PTC Inc,Information Technology,Application Software,4/20/2021,Application Software,15184
PVH,PVH Corp.,Consumer Discretionary,"Apparel, Accessories & Luxury Goods",2/15/2013,"Apparel, Accessories & Luxury Goods",6937
PWR,Quanta Services Inc.,Industrials,Construction & Engineering,7/1/2009,Construction & Engineering,10776
PXD,Pioneer Natural Resources,Energy,Oil & Gas Exploration & Production,9/24/2008,Oil & Gas Exploration & Production,29438
PYPL,PayPal,Information Technology,Data Processing & Outsourced Services,7/20/2015,Data Processing & Outsourced Services,356962
QCOM,Qualcomm,Information Technology,Semiconductors,,Semiconductors,167173
QRVO,Qorvo,Information Technology,Semiconductors,6/11/2015,Semiconductors,20190
RCL,Royal Caribbean Group,Consumer Discretionary,"Hotels, Resorts & Cruise Lines",12/5/2014,"Hotels, Resorts & Cruise Lines",17613
RE,Everest Re Group Ltd.,Financials,Reinsurance,6/19/2017,Reinsurance,9609
REG,Regency Centers Corporation,Real Estate,Retail REITs,3/2/2017,Retail REITs,8861
REGN,Regeneron Pharmaceuticals,Health Care,Biotechnology,5/1/2013,Biotechnology,51499
RF,Regions Financial Corp.,Financials,Regional Banks,8/28/1998,Regional Banks,19419
RHI,Robert Half International,Industrials,Human Resource & Employment Services,12/5/2000,Human Resource & Employment Services,8456
RJF,Raymond James Financial,Financials,Investment Banking & Brokerage,3/20/2017,Investment Banking & Brokerage,16177
RL,Ralph Lauren Corporation,Consumer Discretionary,"Apparel, Accessories & Luxury Goods",2/2/2007,"Apparel, Accessories & Luxury Goods",8172
RMD,ResMed,Health Care,Health Care Equipment,7/26/2017,Health Care Equipment,28242
ROK,Rockwell Automation Inc.,Industrials,Electrical Components & Equipment,,Electrical Components & Equipment,29005
ROL,"Rollins, Inc.",Industrials,Environmental & Facilities Services,10/1/2018,Environmental & Facilities Services,18111
ROP,Roper Technologies,Industrials,Industrial Conglomerates,12/23/2009,Industrial Conglomerates,40249
ROST,Ross Stores,Consumer Discretionary,Apparel Retail,12/21/2009,Apparel Retail,42750
RSG,Republic Services Inc,Industrials,Environmental & Facilities Services,12/5/2008,Environmental & Facilities Services,28805
RTX,Raytheon Technologies,Industrials,Aerospace & Defense,,Aerospace & Defense,110314
SBAC,SBA Communications,Real Estate,Specialized REITs,9/1/2017,Specialized REITs,28815
SBUX,Starbucks Corp.,Consumer Discretionary,Restaurants,,Restaurants,124970
SCHW,Charles Schwab Corporation,Financials,Investment Banking & Brokerage,6/2/1997,Investment Banking & Brokerage,114529
SEE,Sealed Air,Materials,Paper Packaging,3/4/1957,Paper Packaging,6627
SHW,Sherwin-Williams,Materials,Specialty Chemicals,6/30/1964,Specialty Chemicals,64251
SIVB,SVB Financial,Financials,Regional Banks,3/19/2018,Regional Banks,27248
SJM,JM Smucker,Consumer Staples,Packaged Foods & Meats,11/6/2008,Packaged Foods & Meats,12621
SLB,Schlumberger Ltd.,Energy,Oil & Gas Equipment & Services,3/31/1965,Oil & Gas Equipment & Services,37502
SNA,Snap-on,Industrials,Industrial Machinery,9/30/1982,Industrial Machinery,10220
SNPS,Synopsys Inc.,Information Technology,Application Software,3/16/2017,Application Software,44481
SO,Southern Company,Utilities,Electric Utilities,3/4/1957,Electric Utilities,62635
SPG,Simon Property Group Inc,Real Estate,Retail REITs,6/26/2002,Retail REITs,36088
SPGI,S&P Global Inc.,Financials,Financial Exchanges & Data,,Financial Exchanges & Data,81435
SRE,Sempra Energy,Utilities,Multi-Utilities,,Multi-Utilities,35965
STE,Steris,Health Care,Health Care Equipment,12/23/2019,Health Care Equipment,15576
STT,State Street Corp.,Financials,Asset Management & Custody Banks,,Asset Management & Custody Banks,26648
STX,Seagate Technology,Information Technology,"Technology Hardware, Storage & Peripherals",7/2/2012,"Technology Hardware, Storage & Peripherals",16803
STZ,Constellation Brands,Consumer Staples,Distillers & Vintners,7/1/2005,Distillers & Vintners,45017
SWK,Stanley Black & Decker,Industrials,Industrial Machinery,9/30/1982,Industrial Machinery,27503
SWKS,Skyworks Solutions,Information Technology,Semiconductors,3/12/2015,Semiconductors,32013
SYF,Synchrony Financial,Financials,Consumer Finance,11/18/2015,Consumer Finance,22128
SYK,Stryker Corp.,Health Care,Health Care Equipment,12/12/2000,Health Care Equipment,93244
SYY,Sysco Corp.,Consumer Staples,Food Distributors,12/31/1986,Food Distributors,38989
T,AT&T Inc.,Communication Services,Integrated Telecommunication Services,1983-11-30 (1957-03-04),Integrated Telecommunication Services,206439
TAP,Molson Coors Beverage Company,Consumer Staples,Brewers,6/30/1976,Brewers,9646
TDG,TransDigm Group,Industrials,Aerospace & Defense,6/3/2016,Aerospace & Defense,31166
TDY,Teledyne Technologies,Industrials,Aerospace & Defense,6/22/2020,Aerospace & Defense,14424
TEL,TE Connectivity Ltd.,Information Technology,Electronic Manufacturing Services,10/17/2011,Electronic Manufacturing Services,43432
TER,Teradyne,Information Technology,Semiconductor Equipment,9/21/2020,Semiconductor Equipment,23852
TFC,Truist Financial,Financials,Regional Banks,12/4/1997,Regional Banks,75069
TFX,Teleflex,Health Care,Health Care Equipment,1/18/2019,Health Care Equipment,18835
TGT,Target Corp.,Consumer Discretionary,General Merchandise Stores,12/31/1976,General Merchandise Stores,95781
TJX,TJX Companies Inc.,Consumer Discretionary,Apparel Retail,9/30/1985,Apparel Retail,81041
TMO,Thermo Fisher Scientific,Health Care,Life Sciences Tools & Services,8/3/2004,Life Sciences Tools & Services,198198
TMUS,T-Mobile US,Communication Services,Wireless Telecommunication Services,7/15/2019,Wireless Telecommunication Services,151424
TPR,"Tapestry, Inc.",Consumer Discretionary,"Apparel, Accessories & Luxury Goods",,"Apparel, Accessories & Luxury Goods",10835
TRMB,Trimble Inc.,Information Technology,Electronic Equipment & Instruments,1/21/2021,Electronic Equipment & Instruments,18805
TROW,T. Rowe Price Group,Financials,Asset Management & Custody Banks,,Asset Management & Custody Banks,37204
TRV,The Travelers Companies,Financials,Property & Casualty Insurance,8/21/2002,Property & Casualty Insurance,37181
TSCO,Tractor Supply Company,Consumer Discretionary,Specialty Stores,1/24/2014,Specialty Stores,18865
TSLA,"Tesla, Inc.",Consumer Discretionary,Automobile Manufacturers,12/21/2020,Automobile Manufacturers,764254
TSN,Tyson Foods,Consumer Staples,Packaged Foods & Meats,,Packaged Foods & Meats,23956
TT,Trane Technologies plc,Industrials,Building Products,11/17/2010,Building Products,36069
TTWO,Take-Two Interactive,Communication Services,Interactive Home Entertainment,3/19/2018,Interactive Home Entertainment,22536
TWTR,"Twitter, Inc.",Communication Services,Interactive Media & Services,6/7/2018,Interactive Media & Services,58823
TXN,Texas Instruments,Information Technology,Semiconductors,,Semiconductors,166182
TXT,Textron Inc.,Industrials,Aerospace & Defense,12/31/1978,Aerospace & Defense,11740
TYL,Tyler Technologies,Information Technology,Application Software,6/22/2020,Application Software,19022
UA,Under Armour (Class C),Consumer Discretionary,"Apparel, Accessories & Luxury Goods",4/8/2016,"Apparel, Accessories & Luxury Goods",9310
UAA,Under Armour (Class A),Consumer Discretionary,"Apparel, Accessories & Luxury Goods",5/1/2014,"Apparel, Accessories & Luxury Goods",9433
UAL,United Airlines Holdings,Industrials,Airlines,9/3/2015,Airlines,14253
UDR,"UDR, Inc.",Real Estate,Residential REITs,3/7/2016,Residential REITs,12515
UHS,Universal Health Services,Health Care,Health Care Facilities,9/20/2014,Health Care Facilities,10895
ULTA,Ulta Beauty,Consumer Discretionary,Specialty Stores,4/18/2016,Specialty Stores,18465
UNH,UnitedHealth Group Inc.,Health Care,Managed Health Care,7/1/1994,Managed Health Care,308005
UNM,Unum Group,Financials,Life & Health Insurance,3/1/1994,Life & Health Insurance,5204
UNP,Union Pacific Corp,Industrials,Railroads,3/4/1957,Railroads,143336
UPS,United Parcel Service,Industrials,Air Freight & Logistics,7/22/2002,Air Freight & Logistics,139913
URI,"United Rentals, Inc.",Industrials,Trading Companies & Distributors,9/20/2014,Trading Companies & Distributors,20798
USB,U.S. Bancorp,Financials,Diversified Banks,,Diversified Banks,73320
V,Visa Inc.,Information Technology,Data Processing & Outsourced Services,12/21/2009,Data Processing & Outsourced Services,458388
VFC,VF Corporation,Consumer Discretionary,"Apparel, Accessories & Luxury Goods",6/30/1979,"Apparel, Accessories & Luxury Goods",31681
VIAC,ViacomCBS,Communication Services,Movies & Entertainment,,Movies & Entertainment,36513
VLO,Valero Energy,Energy,Oil & Gas Refining & Marketing,,Oil & Gas Refining & Marketing,27305
VMC,Vulcan Materials,Materials,Construction Materials,6/30/1999,Construction Materials,21526
VNO,Vornado Realty Trust,Real Estate,Office REITs,,Office REITs,7152
VRSK,Verisk Analytics,Industrials,Research & Consulting Services,10/8/2015,Research & Consulting Services,30624
VRSN,Verisign Inc.,Information Technology,Internet Services & Infrastructure,2/1/2006,Internet Services & Infrastructure,22610
VRTX,Vertex Pharmaceuticals Inc,Health Care,Biotechnology,9/23/2013,Biotechnology,54661
VTR,Ventas Inc,Real Estate,Health Care REITs,3/4/2009,Health Care REITs,18851
VTRS,Viatris,Health Care,Pharmaceuticals,4/23/2004,Pharmaceuticals,22283
VZ,Verizon Communications,Communication Services,Integrated Telecommunication Services,11/30/1983,Integrated Telecommunication Services,224072
WAB,Westinghouse Air Brake Technologies Corp,Industrials,Construction Machinery & Heavy Trucks,2/27/2019,Construction Machinery & Heavy Trucks,15305
WAT,Waters Corporation,Health Care,Health Care Distributors,,Health Care Distributors,17528
WBA,Walgreens Boots Alliance,Consumer Staples,Drug Retail,12/31/1979,Drug Retail,42458
WDC,Western Digital,Information Technology,"Technology Hardware, Storage & Peripherals",7/1/2009,"Technology Hardware, Storage & Peripherals",20403
WEC,WEC Energy Group,Utilities,Electric Utilities,10/31/2008,Electric Utilities,25606
WELL,Welltower Inc.,Real Estate,Health Care REITs,1/30/2009,Health Care REITs,28035
WFC,Wells Fargo,Financials,Diversified Banks,6/30/1976,Diversified Banks,144626
WHR,Whirlpool Corp.,Consumer Discretionary,Household Appliances,,Household Appliances,12356
WLTW,Willis Towers Watson,Financials,Insurance Brokers,1/5/2016,Insurance Brokers,29403
WM,Waste Management Inc.,Industrials,Environmental & Facilities Services,,Environmental & Facilities Services,47585
WMB,Williams Companies,Energy,Oil & Gas Storage & Transportation,3/31/1975,Oil & Gas Storage & Transportation,27802
WMT,Walmart,Consumer Staples,Hypermarkets & Super Centers,8/31/1982,Hypermarkets & Super Centers,412113
WRB,W. R. Berkley Corporation,Financials,Property & Casualty Insurance,12/5/2019,Property & Casualty Insurance,12093
WRK,WestRock,Materials,Paper Packaging,,Paper Packaging,11512
WST,West Pharmaceutical Services,Health Care,Health Care Supplies,5/22/2020,Health Care Supplies,21853
WU,Western Union Co,Information Technology,Data Processing & Outsourced Services,9/29/2006,Data Processing & Outsourced Services,9825
WY,Weyerhaeuser,Real Estate,Specialized REITs,,Specialized REITs,26042
WYNN,Wynn Resorts Ltd,Consumer Discretionary,Casinos & Gaming,11/14/2008,Casinos & Gaming,14037
XEL,Xcel Energy Inc,Utilities,Multi-Utilities,3/4/1957,Multi-Utilities,32511
XLNX,Xilinx,Information Technology,Semiconductors,11/8/1999,Semiconductors,34971
XOM,Exxon Mobil Corp.,Energy,Integrated Oil & Gas,3/4/1957,Integrated Oil & Gas,220285
XRAY,Dentsply Sirona,Health Care,Health Care Supplies,11/14/2008,Health Care Supplies,11852
XYL,Xylem Inc.,Industrials,Industrial Machinery,11/1/2011,Industrial Machinery,17838
YUM,Yum! Brands Inc,Consumer Discretionary,Restaurants,10/6/1997,Restaurants,31855
ZBH,Zimmer Biomet,Health Care,Health Care Equipment,8/7/2001,Health Care Equipment,33240
ZBRA,Zebra Technologies,Information Technology,Electronic Equipment & Instruments,12/23/2019,Electronic Equipment & Instruments,25985
ZION,Zions Bancorp,Financials,Regional Banks,6/22/2001,Regional Banks,8417
ZTS,Zoetis,Health Care,Pharmaceuticals,6/21/2013,Pharmaceuticals,79045
